{
  "overallStability": 100,
  "nodeStability": 100,
  "groupStability": 100,
  "recommendations": {
    "toleranceThreshold": 5,
    "ignoreClasses": [],
    "ignoreTypes": [],
    "confidenceLevel": 0.3
  },
  "unstableNodes": [],
  "statistics": {
    "totalNodes": 314,
    "stableNodes": 314,
    "unstableNodes": 0,
    "avgImportance": 57.56008099794656,
    "stabilityByType": {
      "heading": 100,
      "navigation": 83.78378378378379,
      "content": 55.47652916073969,
      "interactive": 33.73231773667029,
      "structural": 10.84070796460177,
      "media": 10.251450676982591,
      "list": 11.11111111111111
    }
  }
}